Line Count,Unlimited Ultimate Autopay Discount,Unlimited Ultimate No Autopay Discount,Unlimited Plus Autopay Discount,Unlimited Plus No Autopay Discount
5+,$50/phone,$60/phone,$40/phone,$50/phone
4,$55/phone,$65/phone,$45/phone,$55/phone
3,$60/phone,$70/phone,$50/phone,$60/phone
2,$70/phone,$80/phone,$60/phone,$70/phone
1,$85/phone,$85/phone,$75/phone,$85/phone
Plan ID,"smartphone : 1234
basic phone : 2345","smartphone : 1234
basic phone : 2345","smartphone : 8976
basic phone : 0946","smartphone : 8976
basic phone : 0946"
